NOME DA BARRAGEM DE MINERAÇÃO	Latitute Decimal	Longitude Decimal	UF	MUNICÍPIO	ALTURA ATUAL (m)	VOLUME ATUAL (m3)	DANO POTENCIAL ASSOCIADO
0-1	0.733361111	-6.013.838.889	AM	PRESIDENTE FIGUEIREDO	22	27700000	Média
103 (Cruz)	0.785722222	-6.014.191.667	AM	PRESIDENTE FIGUEIREDO	10.3	924000	Média
111 (Índio)	0.789666667	-6.014.427.778	AM	PRESIDENTE FIGUEIREDO	5	48873	Média
158 (A-1)	0.738027778	-6.007.891.667	AM	PRESIDENTE FIGUEIREDO	30	53380000	Alta
161 (A-2)	0.732286944	-6.006.899.889	AM	PRESIDENTE FIGUEIREDO	22	1018054	Média
444 (A-3)	0.738423889	-60.075.865	AM	PRESIDENTE FIGUEIREDO	14.7	886241	Média
81-1	0.743194444	-6.020.141.667	AM	PRESIDENTE FIGUEIREDO	4	75522	Média
Pau D'Arco	0.756575833	-6.008.802.889	AM	PRESIDENTE FIGUEIREDO	18	52800	Média
Barragem da Cava	0.897686944	-5.237.897.083	AP	VITÓRIA DO JARI	25	1755555	Média
Mario Cruz	0.800835833	-5.187.452.583	AP	PEDRA BRANCA DO AMAPARI	28	25366731	Média
North Mill Pond	0.860611111	-5.172.833.333	AP	PEDRA BRANCA DO AMAPARI	27	11002505	Alta
TAP D	0.840833333	-5.189.027.778	AP	PEDRA BRANCA DO AMAPARI	36	6280000	Alta
VILA NOVA	0.401673888888889	-517.578.088.888.889	AP	MAZAGÃO	15.5	440300	Baixa
Barragem 01	-1.577.738.611	-403.224	BA	MAIQUINIQUE	12	348370	Média
Barragem 02	-1.577.838.889	-4.031.786.111	BA	MAIQUINIQUE	19	1438806	Baixa
BARRAGEM DE FLOTAÇÃO	-1.100.344.444	-3.928.702.778	BA	SANTALUZ	25	1403849	Alta
BARRAGEM DE LIXIVIAÇÃO	-1.100.363.889	-3.930.083.333	BA	SANTALUZ	22	207365	Alta
Barragem de rejeito não magnético 01	-1.368.294.444	-4.069.030.556	BA	MARACÁS	11.99	149486.93	Média
Barragem de rejeito não magnético 02	-1.368.673.639	-4.069.166.167	BA	MARACÁS	15.19	391923.43	Baixa
Barragem de rejeito não magnético 03	-1.368.725	-4.068.913.889	BA	MARACÁS	20.21	369292	Média
Barragem MCSA	-9.851.138.889	-3.982.658.333	BA	JAGUARARI	6.65	45400000	Baixa
Barragem Santa Rita	-1.418.910.889	-3.969.714.083	BA	ITAGIBÁ	27	23238613.66	Alta
BARRAGEM USINA/CIP - LAGO 1 E 2	-1.144.972.222	-3.908.972.222	BA	BARROCAS	23	13770423	Alta
BARRAGEM USINA/CIP - LAGO 3	-1.144.713.389	-3.907.119.583	BA	BARROCAS	11.17	1721104	Alta
BARRAGEM USINA/CIP - LAGO 4	-1.144.805.556	-3.909.805.556	BA	BARROCAS	17.89	248254.3	Alta
DIQUE DE SEGURANÇA	-114.495	-3.909.216.667	BA	BARROCAS	8.37	5000	Média
Barragem Norte	-2.076.757.083	-4.058.835.583	ES	ANCHIETA	7	1171600	Média
Barragem BM	-1.811.258.333	-4.778.447.222	GO	CATALÃO	28	1500000	Média
Barragem de Rejeitos do Córrego Baco Pari	-1.420.589.083	-4.940.621.472	GO	ALTO HORIZONTE	47	172057705	Alta
BARRAGEM DE REJEITOS PGDM	-1.481.022.222	-4.954.061.111	GO	PILAR DE GOIÁS	37	6183074.23	Alta
BARRAGEM DO BURACO	-181.625	-4.784.541.667	GO	CATALÃO	65	45000000	Alta
Barragem Morro Pelado	-1.639.388.889	-5.038.366.667	GO	SÃO LUÍS DE MONTES BELOS	12	600000	Alta
Barragem Morro Pelado 2	-1.639.713.889	-5.038.341.667	GO	SÃO LUÍS DE MONTES BELOS	20	70000	Baixa
Barragem MSG	-1.456.108.972	-4.996.019.583	GO	CRIXÁS	87	4941078.71	Alta
Unidade I	-1.814.666.667	-4.780.527.778	GO	OUVIDOR	31	100000	Alta
Unidade II	-1.814.972.222	-478.075	GO	OUVIDOR	25	1800000	Alta
Unidade IIB	-1.814.458.056	-4.781.122.472	GO	OUVIDOR	20	1100000	Alta
Barrragem do Vené	-1.301.333.333	-4.576.130.556	MA	GODOFREDO VIANA	29.5	9552200	Alta
5 (MAC)	-1.997.708.667	-4.389.300.278	MG	NOVA LIMA	78	13718217	Alta
5 (Mutuca)	-2.002.622.583	-439.425.625	MG	NOVA LIMA	55	7100000	Alta
7B	-19.967.365	-4.388.297.917	MG	NOVA LIMA	27.4	79431	Alta
8B	-1.995.942.056	-438.726	MG	NOVA LIMA	28	92635	Alta
Água Fria	-2.044.740.833	-4.364.382.222	MG	OURO PRETO	40	5648000	Alta
Alcindo Vieira	-1.957.450.889	-4.324.628.556	MG	ITABIRA	24	770600	Baixa
Alemães	-2.042.355.833	-4.375.310.278	MG	OURO PRETO	57	2385000	Alta
B	-2.012.441.667	-4.392.522.222	MG	NOVA LIMA	40	333000	Alta
B1	-2.044.422.222	-4.513.352.778	MG	ITAPECERICA	12	55000	Média
B2	-2.044.005.556	-45.132	MG	ITAPECERICA	13	798178	Alta
B2  - AGUA PRETA	-2.062.639.444	-4.376.538.611	MG	CONSELHEIRO LAFAIETE	29	265000	Alta
B3	-1.987.864.972	-4.337.824.722	MG	SÃO GONÇALO DO RIO ABAIXO	18.5	137575	Alta
B3/B4	-2.004.761.111	-4.395.436.111	MG	NOVA LIMA	55	1896000	Alta
B4	-2.043.786.111	-4.514.841.667	MG	ITAPECERICA	47	1090000	Alta
B5	-2.040.180.556	-4.353.416.667	MG	OURO PRETO	26.4	223840	Baixa
B7	-2.006.113.889	-4.396.133.333	MG	NOVA LIMA	24	127161	Média
Baia da UTM I	-2.043.633.333	-4.377.602.778	MG	OURO PRETO	17	12000	Alta
Baias da UTM II	-2.045.477.778	-4.377.694.444	MG	OURO PRETO	22	26000	Alta
Baixo João Pereira	-2.044.013.889	-4.390.513.889	MG	CONGONHAS	15.76	142500	Média
Barnabé	-2.042.583.333	-4.389.177.778	MG	CONGONHAS	25	318550	Alta
Barnabé 1	-2.043.402.778	-4.388.233.333	MG	CONGONHAS	33	407524	Alta
Barragem 01 - Jose Jaime	-2.013.715	-4.438.364.722	MG	ITATIAIUÇU	20	1200000	Alta
Barragem 02 - Canindé	-201.387	-4.438.018.889	MG	ITATIAIUÇU	40	86937.1	Média
Barragem 03	-2.031.343.889	-4.557.745.556	MG	ARCOS	10	900000	Média
Barragem 03 - Zé da Grota	-20.138.425	-4.438.658.611	MG	ITATIAIUÇU	32	3200000	Alta
Barragem 1	-1.749.764.472	-4.681.876.389	MG	PARACATU	21	1800000	Alta
Barragem 1 - Decantação	-2.037.861.111	-4.391.611.111	MG	ITABIRITO	12	40000	Alta
Barragem 2	-1.751.060.889	-4.682.832.778	MG	PARACATU	32.5	1600000	Alta
Barragem 2 - Decantação	-2.037.835.278	-4.391.623.889	MG	ITABIRITO	12	64000	Média
Barragem 3	-1.751.326.889	-4.682.841.389	MG	PARACATU	12	500000	Alta
BARRAGEM 7	-2.056.261.111	-4.395.086.111	MG	JECEABA	64	4418484.24	Alta
Barragem A	-1.964.972.222	-4.694.611.111	MG	ARAXÁ	8	30000	Alta
Barragem A0	-1.961.666.667	-4.703.333.333	MG	ARAXÁ	23.5	4600000	Alta
Barragem Aroeira	-1.797.261.111	-4.681.447.222	MG	VAZANTE	44	11200000	Alta
BARRAGEM AUXILIAR DO VIGIA	-2.043.444.444	-4.383.530.556	MG	OURO PRETO	35	3140693	Alta
Barragem B	-1.838.088.889	-4.692.719.444	MG	PATOS DE MINAS	25	3260000	Média
Barragem B1 - Mina Ipê	-2.011.980.556	-4.430.747.222	MG	BRUMADINHO	55	571815	Média
Barragem B1 - Mina Tico-Tico	-2.010.177.778	-4.428.905.556	MG	IGARAPÉ	22	22000	Alta
Barragem B1/B4	-1.963.361.111	-4.699.638.889	MG	ARAXÁ	58	24000000	Alta
Barragem B1A Ipê	-2.012.297.222	-4.431.258.333	MG	BRUMADINHO	37	22460	Alta
Barragem B1-Auxiliar - Mina Tico-Tico	-2.010.352.778	-4.428.819.444	MG	IGARAPÉ	68	657575	Alta
Barragem B2	-1.964.361.111	-4.697.416.667	MG	ARAXÁ	25	750000	Média
Barragem B2 - Mina Tico-Tico	-2.011.033.333	-4.428.708.333	MG	IGARAPÉ	80	2200000	Alta
BARRAGEM B2 AUXILIAR	-2.016.338.889	-4.385.100.278	MG	RIO ACIMA	33	6439465	Alta
BARRAGEM B4	-2.048.583.333	-4.388.583.333	MG	CONGONHAS	65	13001821	Alta
BARRAGEM B5	-2.048.972.222	-4.389.111.111	MG	CONGONHAS	41	5393580	Alta
Barragem BA-3	-1.982.330.556	-4.686.830.556	MG	TAPIRA	14	650000	Média
Barragem BD-2	-1.983.725	-4.683.736.111	MG	TAPIRA	21	2000000	Baixa
Barragem BD-5	-1.982.102.778	-4.684.180.556	MG	TAPIRA	33	2560000	Alta
Barragem BL-1	-1.984.247.222	-4.686.425	MG	TAPIRA	91	170000000	Alta
BARRAGEM BOM JARDIM	-2.121.157.528	-4.271.493.083	MG	MIRAÍ	23	1450000	Alta
Barragem BR	-198.385	-4.683.277.778	MG	TAPIRA	57	80000000	Alta
Barragem BRI	-1.978.886.111	-4.687.888.889	MG	TAPIRA	35	8300000	Alta
Barragem C	-1.837.980.556	-4.693.283.333	MG	PATOS DE MINAS	10	417600	Média
BARRAGEM CASA DE PEDRA	-2.050.583.333	-4.388.333.333	MG	CONGONHAS	84	21713715	Alta
Barragem Central	-2.027.287.583	-4.389.517.083	MG	ITABIRITO	25	466079.71	Média
Barragem da Grota	-2.026.875	-4.389.327.778	MG	ITABIRITO	13.5	109380.15	Alta
Barragem da Mina II	-19.657	-4.694.018.056	MG	ARAXÁ	25	22000	Baixa
Barragem de Aredes	-2.027.577.778	-4.389.822.222	MG	ITABIRITO	17	448281.81	Média
Barragem de Contenção de Sedimentos do Josino	-204.256	-4.386.469.167	MG	OURO PRETO	9	16636	Média
Barragem de Decantação de Água e Polpa - EBII - Mineroduto	-2.037.195.583	-4.235.480.778	MG	MATIPÓ	17	120942	Alta
Barragem de Germano	-202.165	-4.346.794.444	MG	MARIANA	163	129590000	Alta
Barragem de Mercês	-2.113.257.528	-4.335.034.472	MG	MERCÊS	29.5	237000	Baixa
BARRAGEM DIQUE 2	-2.028.597.389	-4.389.848.778	MG	ITABIRITO	25	396000	Média
BARRAGEM DO VIGIA	-2.043.798.194	-4.383.400.972	MG	OURO PRETO	30	812901	Alta
Barragem E	-1.965.020.389	-4.695.232.194	MG	ARAXÁ	13.96	90000	Alta
BARRAGEM ECOLÓGICA 1	-2.015.884.083	-4.384.299.583	MG	RIO ACIMA	15	41000	Alta
BARRAGEM ECOLÓGICA 2	-2.015.835.278	-4.384.735.472	MG	RIO ACIMA	6.5	104000	Alta
Barragem Eustáquio	-1.714.608.889	-4.690.219.167	MG	PARACATU	94	148349348	Alta
Barragem F	-1.965.416.667	-4.695.305.556	MG	ARAXÁ	25	35200	Alta
Barragem II Mina Engenho	-2.006.280.556	-4.379.472.222	MG	RIO ACIMA	40	14160.67	Alta
Barragem Mãe D'Água	-1.960.171.389	-4.302.991.667	MG	NOVA ERA	48	3100000	Média
Barragem Mina Engenho	-2.006.169.444	-4.379.469.444	MG	RIO ACIMA	32	549927	Alta
Barragem Mina Oeste (Somisa)	-2.016.733.333	-44.46	MG	ITATIAIUÇU	80	12535000	Alta
BARRAGEM MINAR	-2.028.172.222	-4.389.958.611	MG	ITABIRITO	1	87775	Alta
Barragem MRDM	-1.605.625	-4.312.916.667	MG	RIACHO DOS MACHADOS	30	5945479.06	Alta
Barragem Paciência	-2.021.045.472	-4.368.577.778	MG	ITABIRITO	34	1400000	Alta
BARRAGEM REJEITOS	-2.089.286.111	-4.670.527.778	MG	FORTALEZA DE MINAS	46.8	3250000	Alta
Barragem RG2W	-1.995.825.278	-4.363.480.889	MG	CAETÉ	61	550645	Média
Barragem Samambaia 0 (Zero)	-2.017.292.167	-444.485.475	MG	ITATIAIUÇU	46	7545160	Alta
Barragem Santo Antônio	-1.714.633.333	-4.685.626.111	MG	PARACATU	104	399058945	Alta
BARRAGEM SERRINHA	-2.017.466.667	-43.976	MG	BRUMADINHO	4	100000	Média
Bocaina	-2.044.067.778	-4.379.004.444	MG	OURO PRETO	56	955000	Alta
Borrachudo	-1.960.931	-432.633.825	MG	ITABIRA	6	190000	Alta
Cachoeirinha	-2.015.272.222	-4.396.544.444	MG	NOVA LIMA	45	2850833.82	Alta
CALCINADOS	-1.996.361.111	-4.383.888.889	MG	NOVA LIMA	57	3397349	Alta
Califórnia	-1.620.763.889	-3.994.694.444	MG	SALTO DA DIVISA	25.5	3000000	Alta
Cambucal I	-1.964.064.333	-4.324.147.778	MG	ITABIRA	15.4	220841	Alta
Cambucal II	-1.964.559.222	-43.242.225	MG	ITABIRA	21.3	157082	Alta
Campo Grande	-2.017.606.806	-4.348.731.667	MG	MARIANA	99.3	22978889	Alta
Capão da Serra	-2.006.866.667	-4.393.058.333	MG	NOVA LIMA	47	2230000	Alta
Capim Branco	-2.010.827.278	-4.407.366.778	MG	BRUMADINHO	27	470000	Alta
Capitão do Mato	-2.012.988.889	-4.392.569.444	MG	NOVA LIMA	36	2136495	Alta
CAVA B	-1.827.986.111	-4.686.211.111	MG	LAGAMAR	21	1890000	Baixa
CAVA C	-1.825.366.667	-4.684.102.778	MG	LAGAMAR	48	2817000	Baixa
Cemig I	-1.957.561.806	-4.320.475.694	MG	ITABIRA	32.5	8795438	Alta
Cemig II	-1.957.270.028	-4.319.753.639	MG	ITABIRA	22.35	870558	Alta
Cianita 1	-2.019.658.333	-4.386.708.333	MG	NOVA LIMA	23.05	450000	Alta
Clarificação Bocaina	-2.044.121.944	-437.845	MG	OURO PRETO	21	9126	Alta
Cobras	-2.013.298.444	-4.341.035.944	MG	CATAS ALTAS	13.45	20000	Média
COCURUTO	-1.997.361.111	-4.382.944.444	MG	NOVA LIMA	41	4240553	Alta
Conceição	-1.964.758.333	-4.327.413.889	MG	ITABIRA	60	35874318	Alta
CONTENÇÃO DE FINOS DE CDS I	-2.001.916.667	-4.349.277.778	MG	SANTA BÁRBARA	13	260000	Alta
CONTENÇÃO DE REJEITOS DE CDS II	-1.998.472.222	-4.347.138.889	MG	SANTA BÁRBARA	82	7907500	Alta
CONTENÇÃO DE REJEITOS DE CUIABÁ	-1.986.578.194	-4.372.755.972	MG	SABARÁ	90	7429355	Alta
Dicão	-1.987.477.861	-4.337.972.833	MG	SÃO GONÇALO DO RIO ABAIXO	32.7	989786	Alta
Dicão Leste	-2.013.928.972	-4.341.233.306	MG	CATAS ALTAS	22.5	150000	Média
Diogo	-1.992.994.222	-4.319.619.389	MG	RIO PIRACICABA	39	6571347.7	Alta
Dique 01	-2.011.829.167	-4.431.984.722	MG	BRUMADINHO	15	100	Média
Dique 02	-2.012.095.556	-4.432.283.333	MG	BRUMADINHO	20	400	Média
Dique B - Pilha de Estéril Alegria E (Dique Oficina)	-2.018.933	-4.350.887.583	MG	OURO PRETO	15	12600	Média
Dique B3 Ipê	-2.011.936.111	-4.431.594.444	MG	BRUMADINHO	23.5	10010305	Média
Dique B4 Ipê	-2.011.758.333	-4.431.719.444	MG	BRUMADINHO	25	6053	Baixa
DIQUE BATATEIRO DE BAIXO	-2.048.120.694	-4.392.236.694	MG	CONGONHAS	16	18300	Baixa
Dique BIII-2	-2.014.837.778	-4.445.998.389	MG	ITATIAIUÇU	9	19765.55	Média
Dique BIII-3	-2.014.776.139	-4.446.010.306	MG	ITAÚNA	17	24103.39	Média
Dique BIII-4	-2.014.677.694	-4.446.027.861	MG	ITAÚNA	6	6	Média
Dique BIII-5	-2.014.642.583	-4.446.067.194	MG	ITAÚNA	4	11	Média
Dique Couves (MBL)	-2.015.444.444	-4.444.638.889	MG	ITATIAIUÇU	24	13241	Média
DIQUE D	-1.998.555.556	-4.412.147.222	MG	BETIM	23	1540000	Alta
DIQUE DA PILHA DA VILA II	-2.045.222.222	-4.389.972.222	MG	CONGONHAS	28	18556	Baixa
Dique de Contenção de Sedimentos 01	-1.889.916.667	-4.340.833.333	MG	CONCEIÇÃO DO MATO DENTRO	12	318425	Média
Dique de Contenção de Sedimentos 02	-1.888.972.222	-4.340.527.778	MG	CONCEIÇÃO DO MATO DENTRO	12	634140	Média
Dique de Contenção de Sedimentos 03	-1.892.082.889	-4.340.657.306	MG	CONCEIÇÃO DO MATO DENTRO	15.5	473452	Alta
Dique de Contenção de Sedimentos 04	-1.893.166.667	-4.340.166.667	MG	CONCEIÇÃO DO MATO DENTRO	14.6	81360.9	Média
DIQUE DO BICHENTO IIIA	-20.485	-4.393.333.333	MG	CONGONHAS	15.5	116696	Baixa
DIQUE DO ENGENHO	-2.045.647.222	-4.389.447.222	MG	CONGONHAS	10	8821	Média
DIQUE DO ESMERIL IV	-2.048.527.778	-43.955	MG	CONGONHAS	38	282079	Alta
Dique Lisa	-2.014.975	-4.396.458.333	MG	NOVA LIMA	12	45562.87	Alta
Dique Norte da PDE 1	-2.030.186.944	-43.923.025	MG	ITABIRITO	25	25200	Média
Dique Oeste	-2.017.097.222	-4.445.458.333	MG	ITATIAIUÇU	16.7	85000	Baixa
Dique S3	-2.023.587.472	-4.342.299.194	MG	MARIANA	12	2950000	Alta
Dique S4	-2.024.127.778	-4.341.088.694	MG	MARIANA	12.5	1006318	Alta
Doutor	-2.029.044.861	-4.349.052.778	MG	OURO PRETO	77	37683207.4	Alta
EB-2	-2.034.480.556	-4.256.188.889	MG	SANTO ANTÔNIO DO GRAMA	50	204000	Baixa
Elefante	-1.993.245.861	-4.320.921.333	MG	RIO PIRACICABA	17	201441	Baixa
Fernandinho	-2.018.330.556	-438.595	MG	NOVA LIMA	19	1020000	Baixa
Forquilha I	-2.040.605.556	-4.385.572.222	MG	OURO PRETO	98.28	12042671	Alta
Forquilha II	-2.040.827.778	-4.385.180.556	MG	OURO PRETO	95.76	20862740	Alta
Forquilha III	-2.041.091.667	-4.383.661.111	MG	OURO PRETO	77	23143107.62	Alta
Forquilha IV	-2.039.477.778	-4.385.155.556	MG	OURO PRETO	100	4108399.6	Alta
Freitas	-2.043.219.444	-4.384.955.556	MG	OURO PRETO	7.5	45000	Média
Galego	-1.985.719.444	-4.380.452.778	MG	SABARÁ	37.28	974151.38	Alta
Grupo	-2.041.477.778	-4.386.513.889	MG	OURO PRETO	43	800000	Alta
I	-2.011.911.111	-4.412.025	MG	BRUMADINHO	86	11741325.34	Alta
II	-2.015.288.889	-4.388.841.667	MG	NOVA LIMA	20	18241	Baixa
III	-2.015.569.444	-4.388.711.111	MG	NOVA LIMA	11	16846	Média
Itabiruçu	-1.968.536.111	-4.328.622.222	MG	ITABIRA	71	130751697.3	Alta
Itamarati de Minas	-2.145.522.472	-4.287.165.889	MG	ITAMARATI DE MINAS	38	13820000	Alta
IV	-2.013.672.222	-4.412.036.111	MG	BRUMADINHO	13.4	238000	Alta
IV-A	-201.395	-4.412.308.333	MG	BRUMADINHO	14	130000	Alta
Jirau	-1.957.048.056	-4.323.155.667	MG	ITABIRA	15	1400000	Baixa
Lavra Azul	-2.011.777.389	-4.340.765.361	MG	CATAS ALTAS	19.1	10000	Média
Maravilhas I	-2.022.491.667	-4.387.322.222	MG	ITABIRITO	12	1860000	Média
Maravilhas II	-2.021.441.667	-4.389.169.444	MG	ITABIRITO	97.92	91925622	Alta
Marçu	-1.588.883.333	-4.106.022.222	MG	PEDRA AZUL	37	156260	Média
Marés I	-2.042.527.778	-4.392.786.111	MG	BELO VALE	12.7	15000	Alta
Marés II	-2.043.394.444	-4.393.155.556	MG	BELO VALE	16.05	241000	Alta
Menezes I	-2.011.963.889	-4.413.922.222	MG	BRUMADINHO	16.85	8068	Baixa
Menezes II	-2.012.808.333	-4.413.827.778	MG	BRUMADINHO	21	290202.16	Alta
Miraí	-2.106.215.472	-4.256.376.278	MG	MIRAÍ	52	31598100	Alta
Moita	-1.993.492.583	-4.364.905.583	MG	CAETÉ	19	313481	Alta
Monjolo	-1.996.363.972	-432.378.675	MG	SANTA BÁRBARA	23.5	400000	Alta
Mosquito	-2.010.547.444	-4.340.418.222	MG	CATAS ALTAS	11.3	1089830.5	Alta
Norte/Laranjeiras	-1.984.834.222	-4.342.172.056	MG	BARÃO DE COCAIS	58.8	16550529	Alta
Nova Barragem de Santarém	-2.023.064.278	-4.344.162.278	MG	MARIANA	48	6940000	Alta
Paracatu	-2.011.839.639	-4.341.457.167	MG	CATAS ALTAS	23	36685	Média
PDE 3	-1.986.414.361	-4.335.586.944	MG	SÃO GONÇALO DO RIO ABAIXO	34.5	22101	Baixa
PDE Fosforoso	-201.593.075	-4.346.931.083	MG	MARIANA	21	20000	Baixa
PDE Permanente I	-2.018.453.194	-4.343.761.361	MG	MARIANA	9.5	30000	Alta
PDE Permanente II - Fase I	-2.020.747.306	-4.345.439.972	MG	MARIANA	7	15000	Média
Peneirinha	-2.011.061.528	-4.396.361.417	MG	NOVA LIMA	40	431595.59	Média
Piabas	-1.956.347.389	-4.320.628.278	MG	ITABIRA	28	1537164	Alta
Pilha Barragem	-2.011.241.667	-4.390.791.667	MG	NOVA LIMA	25	1830000	Baixa
Pontal	-1.962.546.333	-4.318.294.361	MG	ITABIRA	69	226957900	Alta
Porteirinha	-1.995.920.389	-4.338.568	MG	SANTA BÁRBARA	31	800200	Alta
Principal	-201.735	-4.361.530.556	MG	SANTA BÁRBARA	20	1994773	Alta
Quinzinho	-1.960.733.583	-43.257.255	MG	ITABIRA	16	432949	Alta
Rancho Casca	-1.591.886.111	-4.103.905.556	MG	PEDRA AZUL	50	17500000	Alta
RAPAUNHA	-19.965	-4.384.138.889	MG	NOVA LIMA	50.5	8690243	Alta
Rio do Peixe	-1.967.422.222	-4.323.641.667	MG	ITABIRA	31	13800000	Alta
Santa Bárbara	-2.016.186.111	-4.400.622.222	MG	BRUMADINHO	36	660278.89	Alta
Santana	-1.955.509.417	-431.608.625	MG	ITABIRA	52.4	15700000	Alta
Sul (Córrego do Canal)	-19.883.975	-4.338.568	MG	SÃO GONÇALO DO RIO ABAIXO	83	53740000	Alta
Sul Inferior	-1.997.572.611	-436.006.975	MG	BARÃO DE COCAIS	35	510361.84	Alta
Sul Superior	-1.997.017.556	-4.359.686.694	MG	BARÃO DE COCAIS	85	6016849	Alta
Tanque Específico IX-B	-1.717.414.444	-4.687.909.722	MG	PARACATU	15	1010000	Média
Tanque Específico X	-1.717.543.611	-4.688.776.944	MG	PARACATU	15	1188168.57	Média
Tanque Específico XI	-1.717.240.833	-4.688.331.111	MG	PARACATU	11.8	530359.06	Média
Tanque Específico XII	-1.718.227.222	-468.988	MG	PARACATU	46.3	1749516.71	Média
Taquaras	-2.003.933.333	-4.392.913.889	MG	NOVA LIMA	25	950000	Alta
Timbopeba	-2.027.051.444	-4.349.623.528	MG	OURO PRETO	64.9	34000000	Alta
Três Fontes	-1.962.208.778	-432.340.625	MG	ITABIRA	10	20500	Alta
Turmalina	-1.974.605.556	-4.487.441.667	MG	CONCEIÇÃO DO PARÁ	18	682534.15	Alta
Vargem Grande	-2.018.186.111	-43.867	MG	NOVA LIMA	35	9500000	Alta
VI	-2.011.905.556	-4.412.441.667	MG	BRUMADINHO	40	843809	Alta
VII	-2.010.427.778	-4.411.966.667	MG	BRUMADINHO	22.5	22200	Média
Volta Grande 1	-2.108.561.111	-4.458.686.111	MG	NAZARENO	40	658400	Alta
Volta Grande 2	-2.108.777.778	-4.458.966.667	MG	NAZARENO	32	1258000	Alta
Volta Grande 3	-2.107.266.667	-4.458.848.333	MG	SÃO TIAGO	19	264601.17	Alta
Bacia 02 Pé da Serra	-19.171.285	-5.763.644.472	MS	CORUMBÁ	4.25	27525	Média
Bacia 03-04 Pé da Serra	-1.917.403.083	-5.763.950.833	MS	CORUMBÁ	4.2	118822.97	Média
Bacia 07-08 Pé da Serra	-1.917.531.417	-5.763.947.528	MS	CORUMBÁ	4.95	169312.5	Alta
Barragem B-6	-1.926.269.444	-5.752.705.556	MS	CORUMBÁ	11	103000	Média
Barragem Sul	-1.920.552.778	-5.763.530.556	MS	CORUMBÁ	23	600000	Alta
Gregório	-1.922.444.667	-5.755.997.917	MS	CORUMBÁ	34.5	8987940	Alta
Bacia de Rejeitos	-1.569.136.111	-5.635.097.222	MT	NOSSA SENHORA DO LIVRAMENTO	25	625000	Baixa
Barragem de Rejeito 1	-1.630.513.611	-5.672.061.056	MT	POCONÉ	15	1067704.2	Baixa
Barragem de Rejeito Estrela 03	-1.565.463.889	-5.638.876.389	MT	NOSSA SENHORA DO LIVRAMENTO	10	95000	Média
Barragem de Rejeito Max	-1.589.558.333	-5.618.538.889	MT	NOSSA SENHORA DO LIVRAMENTO	7.5	1205301.52	Média
Barragem de Rejeitos Bom Futuro	-1.565.927.778	-5.628.508.333	MT	NOSSA SENHORA DO LIVRAMENTO	15	1183119.15	Baixa
Barragem do Serginho	-1.592.174.444	-5.616.320.556	MT	NOSSA SENHORA DO LIVRAMENTO	30	2100000	Baixa
Barragem EPP	-1.532.994.444	-5.925.508.333	MT	PONTES E LACERDA	51	4324936.11	Alta
BARRAGEM T01	-1.629.075	-5.671.197.222	MT	POCONÉ	16	1654500	Baixa
BARRAGEM T02	-1.556.181.667	-5.582.259.444	MT	CUIABÁ	10	3534000	Baixa
BARRAGEM T03	-1.583.478.889	-5.618.676.667	MT	NOSSA SENHORA DO LIVRAMENTO	12	3704000	Baixa
BR BOSCO	-1.565.635.583	-5.633.784.083	MT	NOSSA SENHORA DO LIVRAMENTO	45	1300000	Média
BR ISMAEL	-1.624.553.611	-5.658.928.056	MT	POCONÉ	14	450000	Média
BR SANTA FELICIDADE	-1.566.384.583	-5.635.261.389	MT	NOSSA SENHORA DO LIVRAMENTO	20.3	650000	Média
BRAVO 1	-1.546.651.389	-5.646.089.583	MT	NOSSA SENHORA DO LIVRAMENTO	15	941039.88	Média
Cabeceiras	-1.483.598.806	-5.966.909.111	MT	VILA BELA DA SANTÍSSIMA TRINDADE	16.5	64107.97	Média
CASA DE PEDRA	-1.556.011.111	-5.579.275	MT	CUIABÁ	8	15652000	Alta
Casarão	-1.485.241.583	-5.965.446.861	MT	VILA BELA DA SANTÍSSIMA TRINDADE	15.3	50676.2	Média
Dique de Finos	-1.483.952.778	-5.965.758.333	MT	VILA BELA DA SANTÍSSIMA TRINDADE	19	419440.8	Alta
GONÇA	-1.623.425	-5.660.988.889	MT	POCONÉ	1.45	265000	Média
OURO FINO	-1.631.250.278	-5.665.228.611	MT	POCONÉ	20	867000	Média
Planta	-1.539.619.444	-5.814.525	MT	RIO BRANCO	20	230000	Alta
POND 1 - BARRAGEM DE LIXIVIAÇÃO	-1.464.075	-5.249.694.444	MT	NOVA XAVANTINA	13.12	440000	Alta
POND 2 - BARRAGEM DE FLOTAÇÃO	-1.463.894.444	-5.249.861.111	MT	NOVA XAVANTINA	16.24	210000	Média
POND 3 - BARRAGEM DE FLOTAÇÃO	-1.463.933.333	-5.250.136.111	MT	NOVA XAVANTINA	13.58	150000	Média
RONDON	-162.924	-5.665.075.556	MT	POCONÉ	25	490000	Média
SANDRO GOMES	-1.629.515.278	-5.672.561.667	MT	POCONÉ	19	200000	Baixa
Santa Tereza	-1.587.252.778	-5.617.219.444	MT	NOSSA SENHORA DO LIVRAMENTO	15	671803.89	Média
Santa Tereza II	-1.587.462.472	-5.616.656.583	MT	NOSSA SENHORA DO LIVRAMENTO	5	150000	Média
Tanque Fundo	-1.598.753.611	-5.631.385.556	MT	NOSSA SENHORA DO LIVRAMENTO	15.4	1267291.33	Baixa
Tarumã	-1.622.020.556	-5.660.993.333	MT	POCONÉ	15	642200.99	Baixa
TB01	-1.595.638.889	-5.647.897.222	MT	NOSSA SENHORA DO LIVRAMENTO	15	582171.51	Baixa
2 Kalunga	-6.118.694.444	-5.030.525	PA	PARAUAPEBAS	7.5	718027	Média
Azul	-6.078.138.889	-5.029.147.222	PA	PARAUAPEBAS	32	12995662	Alta
B6	-3.259.494.444	-4.775.819.306	PA	PARAGOMINAS	13	595008.65	Alta
Bacia 1 A	-1.574.166.667	-487.505	PA	BARCARENA	9	858000	Alta
Bacia 1 B	-1.574.166.667	-487.505	PA	BARCARENA	9	260000	Alta
Bacia 17	-6.325.094.444	-5.578.635.556	PA	ITAITUBA	14.5	80000	Média
Bacia 2	-1.573.055.556	-4.875.555.556	PA	BARCARENA	9	850000	Alta
Bacia 3	-1.570.611.111	-4.875.702.778	PA	BARCARENA	9	467248	Alta
Bacia 5 A	-158.375	-48.749	PA	BARCARENA	13.5	510000	Alta
Bacia 5 B	-1.584	-4.874.891.667	PA	BARCARENA	13.5	270000	Alta
Bacia 5 C	-1.584	-4.874.891.667	PA	BARCARENA	13.5	767000	Alta
Bacia 6 A	-1.582.777.778	-4.874.705.556	PA	BARCARENA	11	374825	Média
Bacia B 1	-2.835.472.222	-4.790.855.556	PA	IPIXUNA DO PARÁ	13	270000	Média
Bacia B 4	-15.775	-4.877.555.556	PA	BARCARENA	4.5	45000	Média
Bacia de Controle Ambiental	-2.820.722.222	-479.065	PA	IPIXUNA DO PARÁ	8	175000	Média
BACIA DE REJEITOS 14/15	-6.324.555.556	-5.578.786.111	PA	ITAITUBA	8	130000	Média
BACIA DE REJEITOS 16	-6.325.083.333	-557.845	PA	ITAITUBA	7	87000	Média
Bacia de Segurança	-1.582.777.778	-4.874.705.556	PA	BARCARENA	11	30000	Média
Barragem de Água do Igarapé Bahia	-6.029.048.889	-5.055.193.889	PA	PARAUAPEBAS	14.7	600000	Média
BARRAGEM DE CAPTAÇÃO	-5.798.361.111	-5.050.263.889	PA	MARABÁ	19	220238.65	Média
BARRAGEM DE FINOS II	-5.823.972.222	-5.049.141.667	PA	MARABÁ	13	891538	Média
Barragem do Bandeira	-55.125	-502.225	PA	MARABÁ	14.6	1724296.94	Média
Barragem do Mirante I e II	0.897611111	-5.244.180.556	PA	ALMEIRIM	35	1182758	Alta
BARRAGEM DO SOSSEGO	-6.429.108.889	-5.007.015.389	PA	CANAÃ DOS CARAJÁS	42.1	108119279.1	Alta
Deposito de Rejeito R4	-2.820.631.944	-47.893.555	PA	IPIXUNA DO PARÁ	10	1190000	Média
DIQUE DE FINOS I	-581.726	-5.056.716.889	PA	MARABÁ	11	969524	Média
DIQUE DE FINOS II	-5.832.611.111	-5.054.111.111	PA	MARABÁ	16.42	2800000	Média
DIQUE DE FINOS III	-5.779.638.889	-5.053.863.889	PA	MARABÁ	16.5	22937.88	Média
Estéril Sul	-6.099.444.444	-501.625	PA	PARAUAPEBAS	25	1875779.93	Média
Geladinho	-5.994.777.778	-5.010.947.222	PA	PARAUAPEBAS	24	5811299	Alta
Gelado	-5.979.277.778	-5.014.141.667	PA	PARAUAPEBAS	34	110469304.7	Alta
Jacaré	-6.108.138.889	-5.016.905.556	PA	PARAUAPEBAS	34.5	681816	Média
Kalunga	-6.112.527.778	-5.030.830.556	PA	PARAUAPEBAS	21	1662946.63	Média
LD1 - Lagoa de Disposição 01	-2.500.694.444	-5.616.680.556	PA	JURUTI	24	2879251.38	Média
LD2 - Lagoa de Disposição 02	-2.496.611.111	-5.617.380.556	PA	JURUTI	24	3037180.56	Média
LD3 - Lagoa de Disposição 03	-2.495.888.889	-5.618.801.111	PA	JURUTI	14.8	4356851.57	Média
LE - Lagoa de Espessamento	-2.505	-5.617.577.778	PA	JURUTI	11.5	4269081.35	Média
Pera Jusante	-6.047.194.444	-5.014.291.667	PA	PARAUAPEBAS	51	4249278.83	Alta
Pera Montante	-6.056.833.333	-5.014.377.778	PA	PARAUAPEBAS	30	641566	Baixa
PONDES DE REJEITOS DO IGARAPÉ BAHIA	-6.042.583.333	-5.058.052.778	PA	PARAUAPEBAS	25	12000000	Alta
RP1	-3.259.404.722	-4.775.788.194	PA	PARAGOMINAS	13.5	11626208	Alta
SP1	-1.682.916.667	-5.641.816.667	PA	ORIXIMINÁ	15	1470000	Média
SP10	-16.835	-5.645.266.667	PA	ORIXIMINÁ	16	7300000	Média
SP11	-1.682.638.889	-5.646.327.778	PA	ORIXIMINÁ	16	5400000	Média
SP12	-1.687.305.556	-5.646.825	PA	ORIXIMINÁ	15	3600000	Média
SP13	-1.692.944.444	-5.646.730.556	PA	ORIXIMINÁ	15	2298321	Média
SP14	-169.875	-5.647.027.778	PA	ORIXIMINÁ	15	2200000	Média
SP15	-1.699.888.889	-5.647.541.667	PA	ORIXIMINÁ	20	1700000	Média
SP16	-1.693.888.889	-5.647.611.111	PA	ORIXIMINÁ	20	8900000	Média
SP2_3	-1.684.694.444	-5.640.369.444	PA	ORIXIMINÁ	20	4900000	Média
SP4 Norte	-1.684.805.556	-5.642.705.556	PA	ORIXIMINÁ	19	7107205.4	Média
SP4 Sul	-1.690.611.111	-5.642.697.222	PA	ORIXIMINÁ	19	5455557.3	Média
SP5 Leste	-1.682.694.444	-5.643.541.667	PA	ORIXIMINÁ	19	6994486.6	Média
SP5 Oeste	-1.682.833.333	-5.644.455.556	PA	ORIXIMINÁ	19	9274798.9	Média
SP6	-1.676.333.333	-5.642.427.778	PA	ORIXIMINÁ	12	712790	Média
SP7A	-1.671.555.556	-5.643.419.444	PA	ORIXIMINÁ	19	4300000	Média
SP7B	-1.669.722.222	-5.644.008.333	PA	ORIXIMINÁ	16	5843082.8	Média
SP7C	-1.669.694.444	-5.644.488.889	PA	ORIXIMINÁ	16	8200000	Média
SP8	-1.673.472.222	-5.645.280.556	PA	ORIXIMINÁ	16	11900000	Média
SP9	-1.674.916.667	-5.646.091.667	PA	ORIXIMINÁ	10	8200000	Média
SP9A	-1.668.527.778	-5.646.225	PA	ORIXIMINÁ	8	2480789.2	Média
TP1	-1.681.777.778	-5.641.108.333	PA	ORIXIMINÁ	15	8500000	Alta
TP2	-16.765	-56.438	PA	ORIXIMINÁ	15	8956085	Alta
TP3	-1.687.777.778	-564.725	PA	ORIXIMINÁ	22	5390783	Média
Bacia de Decantação Final No Bota Fora	-2.474.850.833	-4.918.779.722	PR	CERRO AZUL	22	226035	Média
BARRAGEM SUL OU TANQUE VELHO	-2.537.050.583	-4.969.086.083	PR	CAMPO LARGO	25	302000	Média
Pinheirinho	-2.474.799.722	-4.919.470.278	PR	CERRO AZUL	13.5	672408	Média
BARRAGEM DE REJEITOS	-2.245.505.556	-4.428.619.444	RJ	QUATIS	19	204000	Alta
CA01	-9.431.805.556	-6.305.552.778	RO	ITAPUÃ DO OESTE	5	105000	Alta
CA02	-9.431.638.889	-6.305.552.778	RO	ITAPUÃ DO OESTE	5	60000	Alta
Igarapé Mutum	-9.765.406.944	-6.352.003.083	RO	ARIQUEMES	5	10699776	Média
Jacaré Inferior	-9.787.805.556	-6.357.516.667	RO	ARIQUEMES	8	3595017	Média
Jacaré Medio	-97.955	-6.356.527.778	RO	ARIQUEMES	8	3020623	Alta
Jacaré Superior	-9.817	-6.355.319.444	RO	ARIQUEMES	10	9170673	Média
PIT-01	-9.216.055.556	-63.076	RO	ITAPUÃ DO OESTE	14.3	462588.8	Alta
Rio Santa Cruz	-9.765.861.111	-6.356.858.333	RO	ARIQUEMES	10	3755613	Média
Taboquinha 01 - Crente	-9.198.388.889	-6.308.027.778	RO	ITAPUÃ DO OESTE	18	435000	Média
Taboquinha 02 - Serra Azul	-9.204.361.111	-6.308.455.556	RO	ITAPUÃ DO OESTE	18	87000	Média
Taboquinha 03	-9.205.542.778	-6.308.362.083	RO	ITAPUÃ DO OESTE	15	194900	Média
Taboquinha 04	-9.210.861.111	-6.308.638.889	RO	ITAPUÃ DO OESTE	20	145193.15	Média
Bacia de Finos da Mina do Cerro	-3.038.620.194	-5.304.373.306	RS	CACHOEIRA DO SUL	10	534000	Média
Bacia de Finos da Mina do Recreio	-3.014.566.139	-5.200.377.528	RS	BUTIÁ	20	2371167	Alta
P1-1	-3.013.102.778	-5.205.194.444	RS	MINAS DO LEÃO	3	17250	Média
Bacia A	-2.849.211.111	-4.946.027.778	SC	TREVISO	5.3	14679.9	Alta
Bacia B	-2.849.413.889	-4.946.002.778	SC	TREVISO	6.5	14368	Alta
Bacia de Acumulação 01	-2.845.361.111	-4.937.027.778	SC	URUSSANGA	7.1	500000	Média
BACIA DE DECANTAÇÃO DA USINA RIO FIORITA	-2.857.727.778	-4.944.219.444	SC	SIDERÓPOLIS	3.5	35742	Média
Barragem Cruz de Malta	-2.847.305.556	-4.945.805.556	SC	TREVISO	27	70831	Alta
Barragem Lauro Muller	-2.840.961.111	-4.942.775	SC	LAURO MÜLLER	20	150000	Alta
Barragem Rio Fiorita	-2.858.685.194	-4.944.321.528	SC	SIDERÓPOLIS	10	527420	Alta
BOA VISTA	-28.39	-4.942.222.222	SC	LAURO MÜLLER	35	63469.61	Alta
NOVO HORIZONTE	-2.839.283.056	-4.946.489.167	SC	LAURO MÜLLER	13	64629.25	Alta
Dique de Contenção de Salmoura	-1.065.780.556	-3.702.983.333	SE	ROSÁRIO DO CATETE	4	19432.23	Média
Dique de Resíduos Insóluveis	-1.065.733.333	-3.703.125	SE	ROSÁRIO DO CATETE	5.5	32842.96	Média
11 - DES	-2.195.473.944	-4.761.333.722	SP	DESCALVADO	15	1500000	Baixa
12 - DES	-2.195.166.833	-4.761.306.167	SP	DESCALVADO	15	577840.39	Baixa
BACIA DE DECANTAÇÃO - PLANTA I	-2.340.123.389	-4.691.923.778	SP	SANTANA DE PARNAÍBA	20	8500	Baixa
Barragem B12	-2.471.666.667	-48.1	SP	CAJATI	13.5	3200000	Alta
BARRAGEM DE CLARIFICAÇÃO	-2.342.055.556	-4.673.605.556	SP	SÃO PAULO	25	659323.59	Alta
Barragem de Sedimentos da Pedreira Itapeti - BA1	-2.349.716.667	-4.624.388.889	SP	MOGI DAS CRUZES	27.36	375000	Alta
Barragem de Sedimentos da Pedreira Itapeti - BA2	-2.349.663.889	-4.624.733.333	SP	MOGI DAS CRUZES	9.64	154433.29	Alta
Barragem de Sedimentos da Pedreira Juruaçu - BA4	-2.340.955.556	-4.673.122.222	SP	SÃO PAULO	45	3190000	Alta
Bom Retiro 2	-221.875	-4.745.555.556	SP	LEME	23.58	1800000	Média
CIMPOR	-2.470.694.444	-48.115	SP	CAJATI	60	6340000	Alta
Dique 1 (Barragem 2 -Britagem)	-2.335.572.222	-4.628.291.667	SP	SANTA ISABEL	14	74135	Média
Dique 3 (Barragem 1 - Portaria)	-2.335.663.889	-4.628.494.444	SP	SANTA ISABEL	20	170000	Média
Guará 3	-2.338.902.778	-4.613.533.333	SP	GUARAREMA	18	735000	Baixa
ITAPEVA	-2.425.375	-4.891.597.222	SP	RIBEIRÃO BRANCO	20	260000	Baixa
JBS1	-2.339.733.333	-4.619.488.889	SP	MOGI DAS CRUZES	12	331920	Média
Lagoa 1	-2.143.278.611	-4.761.324.167	SP	SÃO SIMÃO	5	271000	Média
Lagoa 2	-2.143.033.889	-4.761.305.556	SP	SÃO SIMÃO	5	112000	Média
MBR II SUL	-2.378.819.444	-471.215	SP	IBIÚNA	14.04	157070.5	Média
MD 01/2012	-2.195.572.222	-4.761.827.778	SP	DESCALVADO	25	921154.7	Baixa
OURO BRANCO OESTE	-23.662	-4.766.663.889	SP	SALTO DE PIRAPORA	3	399000	Alta
BARRAGEM DE CONTENÇÃO DE REJEITOS	-1.289.581.889	-4.681.811.778	TO	ARRAIAS	20	4136059.54	Alta
22	0.738638889	-6.016.738.889	AM	PRESIDENTE FIGUEIREDO	6	56519	
42	0.723527778	-6.019.672.222	AM	PRESIDENTE FIGUEIREDO	4.9	130979	
69	0.743194444	-6.020.141.667	AM	PRESIDENTE FIGUEIREDO	5	84941	
189	0.789555556	-6.001.302.778	AM	PRESIDENTE FIGUEIREDO	5	209969	
jan/30	0.707111111	-6.019.252.778	AM	PRESIDENTE FIGUEIREDO	8	1320.09	
68-1	0.740416667	-6.020.141.667	AM	PRESIDENTE FIGUEIREDO	6	3752	
75-1	0.761555556	-6.020.597.222	AM	PRESIDENTE FIGUEIREDO	4	75522	
Bacuri	0.3795	-5.172.277.778	AP	MAZAGÃO	5	650000	
BARRAGEM DA USINA	1.678.805.556	-5.169.058.333	AP	CALÇOENE	10	80000	
Barragem de Clarificação de Água	0.998027778	-5.112.888.889	AP	FERREIRA GOMES	8	42000	
Barragem do Felipe	0.882444444	-5.238.058.333	AP	VITÓRIA DO JARI	13	245418	
Barragem do Muriacá	0.893666667	-5.236.408.333	AP	VITÓRIA DO JARI	10	52000	
REJEITO USINA	1.714.166.667	-5.163.333.333	AP	CALÇOENE	5	82000	
SAMACA	0.351611111	-5.183.786.111	AP	MAZAGÃO	9	700000	
BACIA DE SEDIMENTO DA USINA DE TRATAMENTO	-1.423.377.778	-4.171.969.444	BA	BRUMADO	4.78	52912.3	
BARAÚNA - PBC1	-9.874.716.944	-3.987.049.889	BA	JAGUARARI	2	12200	
BARAÚNA - PBC2	-9.873.880.833	-3.987.064.472	BA	JAGUARARI	2	12000	
BARAÚNA - PBC3	-9.874.954.722	-3.987.157.194	BA	JAGUARARI	2	8500	
BARRAGEM DE DEPOSIÇÃO DE LAMA	-1.409.793.056	-4.168.920.556	BA	BRUMADO	7	60277	
Barragem de Rejeitos de Irecê	-1.131.194.444	-4.183.944.444	BA	IRECÊ	4	235467.89	
Barragem Santa Helena	-1.481.121.472	-4.100.497.694	BA	VITÓRIA DA CONQUISTA	14	7500	
BARRAGEM USINA SANTALUZ BENEFICIAMENTO - BII	-11.260.125	-3.935.756.944	BA	SANTALUZ	2	875	
BARRAGEM USINA SANTALUZ BENEFICIAMENTO - BIII	-1.126.069.444	-3.935.756.944	BA	SANTALUZ	2	1100	
BARRAGEM USINA SANTALUZ BENEFICIAMENTO BI	-1.126.022.222	-3.935.756.944	BA	SANTALUZ	2	1125	
Cava Camarinha	-1.054.561.111	-4.042.519.444	BA	CAMPO FORMOSO	14.6	29688	
Cava Pedrinhas	-10.545	-4.041.455.556	BA	CAMPO FORMOSO	8.5	201205	
Cava Sul	-9.871.472.222	-3.987.144.444	BA	JAGUARARI	0	323173	
Dique Santa Rita	-1.419.654.083	-3.969.164.972	BA	ITAGIBÁ	5	246848	
Medrado 1	-1.031.416.667	-3.976.722.222	BA	ANDORINHA	5	185520	
Medrado 2	-1.031.491.667	-3.976.583.333	BA	ANDORINHA	11.2	0	
Medrado 3	-1.031.555.556	-3.976.583.333	BA	ANDORINHA	8.4	94325	
Pilha 01 - P1C1	-9.852.825	-3.986.229.667	BA	JAGUARARI	6	100566	
Pilha 01 - P1C3	-9.854.245.833	-3.986.653.583	BA	JAGUARARI	1	164976	
Pilha 01 - P1C4	-9.855.460.833	-3.986.725.583	BA	JAGUARARI	2	85786	
Pilha 01 - P1C5	-985.213	-3.986.334.389	BA	JAGUARARI	14	111960	
Pilha 01 - P1C6	-9.853.056.944	-3.986.494.417	BA	JAGUARARI	2	30460	
Pilha 01 - P1C7	-9.855.352.778	-3.986.511.083	BA	JAGUARARI	6.8	10277	
Pilha 01 - P1C8	-9.857.335.556	-3.986.335.972	BA	JAGUARARI	3.5	71698	
Pilha 01 P1C2	-98.554.425	-3.986.398.722	BA	JAGUARARI	9.5	102246	
Pilha 05 - P5C1	-9.879.488.333	-3.986.517	BA	JAGUARARI	5	172053	
Pilha 05 - P5C2	-9.876.857.778	-3.986.816.889	BA	JAGUARARI	4	155498	
Pilha 05 - P5C3	-9.880.159.167	-3.986.424.056	BA	JAGUARARI	5	141410	
Pilha 05 - P5C4	-9.875.204.722	-3.986.891.694	BA	JAGUARARI	2	7052	
Pilha 05 - P5XC2	-9.875.650.278	-3.986.521.861	BA	JAGUARARI	5	79459	
Pilha 05 - XC1	-9.877.211.667	-3.986.453.889	BA	JAGUARARI	5	80000	
R22	-9.861.611.111	-3.987.308.333	BA	JAGUARARI	0	255131	
R75	-9.852.861.111	-3.986.813.889	BA	JAGUARARI	0	0	
Dique de finos 03 - Depósito Tamanduá	-1.813.879.528	-4.778.213.639	GO	OUVIDOR	6	600	
GIRASSOL-01	-1.577.222.222	-4.863.805.556	GO	CORUMBÁ DE GOIÁS	5	3000	
Area M	-4.523.583.333	-4.401.602.778	MA	CODÓ	0	832598.77	
VÃO DAS COBRAS	-6.582.194.444	-4.396.622.222	MA	PASTOS BONS	2	9000	
2	-1.997.350.028	-436.037.275	MG	BARÃO DE COCAIS	10	15412.7	
01 PDE 01	-1.985.386.111	-4.379.397.222	MG	SABARÁ	12	0.01	
105-I	-1.962.719.972	-4.323.856.389	MG	ITABIRA	8.14	8400	
A - PDE Nordeste	-1.994.872.806	-4.358.669.972	MG	BARÃO DE COCAIS	13	300	
Alto Jacutinga	-20.426	-4.388.597.222	MG	CONGONHAS	11.8	92434	
B - PDE Nordeste	-1.994.725.722	-4.358.353.111	MG	BARÃO DE COCAIS	14.5	2935	
Bacia 01	-1.978.472.222	-4.319.202.778	MG	BELA VISTA DE MINAS	9	1000	
Bacia 07	-1.978.311.111	-4.318.311.111	MG	BELA VISTA DE MINAS	7	500	
Bacia 08	-1.978.497.222	-4.318.016.667	MG	BELA VISTA DE MINAS	7	5000	
Bacia 09	-1.977.717.778	-43.189.425	MG	BELA VISTA DE MINAS	7	2200	
Bacia 15	-1.977.631.472	-4.319.104.778	MG	BELA VISTA DE MINAS	5	2200	
Bacia 16	-1.978.609.778	-4.317.279.694	MG	BELA VISTA DE MINAS	12	12000	
Bacia de Conteção de Finos da PDE-A Norte	-2.027.838.889	-4.393.086.111	MG	ITABIRITO	5	3480	
Bacia de Conteção de Finos da PDE-A Sul	-20.283	-4.392.727.778	MG	ITABIRITO	6	1000	
Bacia de Decantação 1	-1.993.444.444	-4.447.083.333	MG	MATEUS LEME	2	3660	
Bacia de Decantação 3	-1.993.388.889	-4.447.194.444	MG	MATEUS LEME	2	1570	
Bacia Lavador de Rodas	-2.029.290.833	-4.393.862.778	MG	ITABIRITO	3.6	612.23	
BARRAGEM  USINA BENEFICIAMENTO L7 - IIB	-1.941.065	-4.795.568.333	MG	UBERABA	2	7300	
Barragem 1 - Dique de Contenção	-1.986.493.611	-4.409.308.444	MG	BETIM	8	12000	
Barragem 2 - Captação de Água	-1.987.595.556	-4.410.049.167	MG	BETIM	2	14000	
Barragem 3A - Sedimentação	-20.377.275	-4.391.469.722	MG	ITABIRITO	3	3420	
Barragem 3B - Sedimentação	-2.037.808.889	-4.391.542.778	MG	ITABIRITO	3	5480	
Barragem 4 - Acumulação	-2.037.770.278	-4.391.509.444	MG	ITABIRITO	7	4078	
Barragem 5 - Captação	-2.037.391.389	-4.392.148.333	MG	ITABIRITO	4	3600	
Barragem 6 - Dique Filtrante	-2.037.718.611	-4.391.268.889	MG	ITABIRITO	4	2640	
barragem 7 - Dique Filtrante	-2.037.942.778	-4.391.690.278	MG	ITABIRITO	7	7063	
Barragem 8 - Dique Filtrante	-2.038.066.667	-4.391.750.833	MG	ITABIRITO	6	6435	
Barragem 9 - Dique Filtrante	-2.038.071.111	-4.391.925.833	MG	ITABIRITO	6	3833	
Barragem B1	-1.954.997.222	-4.302.225	MG	ANTÔNIO DIAS	4	10200	
Barragem B3	-1.954.758.333	-4.302.152.778	MG	ANTÔNIO DIAS	7	14200	
Barragem Captação de Água	-2.016.925	-4.445.088.056	MG	ITATIAIUÇU	4.46	14000	
Barragem de Contenção de Sólidos Carreados	-2.011.001.667	-4.390.324.722	MG	NOVA LIMA	8	28000	
BARRAGEM DE GABIÕES	-2.011.569.444	-4.421.836.111	MG	BRUMADINHO	5	30000	
Barragem do Fundão	-1.982.141.389	-4.371.707.778	MG	SABARÁ	9	20000	
BARRAGEM DO LAGARTO	-2.045.165.194	-4.390.656.583	MG	CONGONHAS	8	210000	
Barragem dos Coqueiros	-1.981.546.667	-4.371.013.611	MG	SABARÁ	7	2500	
BARRAGEM POÇO FUNDO	-2.045.143.194	-4.389.846.083	MG	CONGONHAS	2.88	12000	
BARRAGEM USINA BENEFICIAMENTO ESPONGILITO	-1.941.063.333	-4.795.514.444	MG	UBERABA	2	4600	
BARRAGEM USINA BENEFICIAMENTO ESPONGILITO - IVA	-1.941.065	-4.795.568.333	MG	UBERABA	2	4300	
BARRAGEM USINA BENEFICIAMENTO ESPONGILITO - IVB	-1.941.065	-4.795.568.333	MG	UBERABA	2	4600	
BARRAGEM USINA BENEFICIAMENTO L7 - IIA	-1.941.030.556	-4.795.568.333	MG	UBERABA	2	7100	
BARRAGEM USINA BENEFICIAMENTO L7 - IIB	-1.941.079.722	-4.795.628.611	MG	UBERABA	2	4900	
BARRAGEM USINA BENEFICIAMENTO L8 - IIIA	-1.940.975	-4.795.568.333	MG	UBERABA	2	4900	
BARRAGEM USINA BENEFICIAMENTO L8 - IIIB	-1.940.947.222	-4.795.568.333	MG	UBERABA	2	3900	
C - PDE Nordeste	-1.993.845.083	-4.358.381.028	MG	BARÃO DE COCAIS	8	15377.28	
Captação	-2.020.283.333	-4.360.225	MG	SANTA BÁRBARA	8.2	511	
Captação Córrego das Almas	-2.015.803.222	-4.346.809.861	MG	MARIANA	8.5	2165.46	
Captação Trovões	-2.016.872.222	-4.386.147.222	MG	ITABIRITO	8.83	503	
Cata Branca	-2.023.311.111	-4.385.675	MG	ITABIRITO	9	12000	
CONJUNTO DE BAIAS VIGA	-2.049.602.778	-4.391.766.667	MG	CONGONHAS	9	70613.28	
D-1	-1.796.831.389	-4.316.901.389	MG	SENADOR MODESTINO GONÇALVES	11	8000	
D-2	-1.796.846.111	-4.316.977.778	MG	SENADOR MODESTINO GONÇALVES	14	36000	
D-3	-1.796.865.833	-4.316.974.444	MG	SENADOR MODESTINO GONÇALVES	6	5000	
Dique - Pilha 2	-2.012.986.944	-4.410.256.389	MG	BRUMADINHO	2	250	
Dique - Pilha 4	-2.012.308.806	-4.410.646.972	MG	BRUMADINHO	8	183	
Dique - Pilha de Rejeito	-20.110.225	-439.088	MG	NOVA LIMA	10	80000	
Dique 01 - Serra Azul	-2.011.979.444	-4.438.552.222	MG	MATEUS LEME	14	12347	
Dique 01 de Terra	-2.013.871.194	-4.440.083.083	MG	ITATIAIUÇU	9	15000	
Dique 01 Serra Azul - Dique Vai e Volta 1	-2.012.908.333	-4.442.019.444	MG	MATEUS LEME	13	30000	
Dique 02 - Pitangui	-2.012.368.889	-4.437.551.667	MG	MATEUS LEME	6	2100	
Dique 02 Serra Azul - Dique Vai e Volta 2	-2.013.027.778	-444.225	MG	MATEUS LEME	12	45000	
Dique 03	-2.012.172.778	-4.431.940.833	MG	BRUMADINHO	5	900	
Dique 03 Serra Azul - Dique Vai e Volta 3	-2.013.073.611	-4.442.670.278	MG	MATEUS LEME	11.45	76000	
Dique 04	-2.011.940.556	-4.432.415.556	MG	BRUMADINHO	3	100	
Dique 06 - Véu da Noiva Jusante	-2.013.151.667	-4.437.501.111	MG	ITATIAIUÇU	14	2500	
Dique 08 - Pátio CMC	-2.013.359.722	-4.437.956.944	MG	ITATIAIUÇU	12	48252	
Dique 1	-2.130.823.889	-4.466.088.333	MG	ITUTINGA	2	300	
Dique 13 - Pains	-2.012.441.389	-4.440.018.333	MG	MATEUS LEME	12.45	54000	
Dique 14	-2.016.247.222	-4.444.738.889	MG	ITATIAIUÇU	9.93	54000	
Dique 2	-2.130.823.611	-4.466.183.056	MG	ITUTINGA	3	100	
Dique 2 de Concreto	-2.013.941.667	-4.440.063.889	MG	ITATIAIUÇU	3	200	
Dique 3	-2.130.873.333	-4.466.203.889	MG	ITUTINGA	1.5	25	
Dique B11 - Pilha de Estéril Alegria E (Dique do Córrego dos Macacos)	-2.019.398.694	-4.350.838.472	MG	OURO PRETO	14.5	52000	
Dique B2 - Pilha de Estéril João Manoel	-2.017.090.389	-4.349.808.889	MG	MARIANA	10	8000	
Dique B3 - Pilha de Estéril João Manoel	-2.016.991	-4.349.610.583	MG	MARIANA	10	12000	
Dique BIII-6	-2.014.667.222	-4.445.438.611	MG	ITAÚNA	7.5	14457.6	
Dique BIII-7	-2.014.685.556	-4.445.146.389	MG	ITAÚNA	7.5	16557	
Dique BIV-3 - Dique Hércules	-2.015.605.556	-4.444.138.889	MG	ITATIAIUÇU	13	15524	
Dique Caffaro	-20.095.525	-4.416.237.778	MG	MÁRIO CAMPOS	8	17000	
Dique Conquistinha	-201.159	-4.429.810.278	MG	BRUMADINHO	5	30	
Dique Couves (MUSA)	-2.015.588.889	-4.444.708.333	MG	ITATIAIUÇU	8.8	3800	
Dique da Divisa	-2.013.633.333	-4.440.525	MG	ITATIAIUÇU	10	8750	
Dique da Mineira	-2.015.036.111	-4.443.583.333	MG	ITATIAIUÇU	10.2	5000	
Dique da Oficina	-2.012.533.333	-4.441.047.222	MG	MATEUS LEME	12	10000	
Dique da Oficina II	-2.012.625	-444.135	MG	MATEUS LEME	9.4	5600	
Dique de Captação	-20.027.475	-4.342.413.889	MG	CATAS ALTAS	4	13134.76	
Dique de Concreto	-2.013.189.722	-4.437.663.889	MG	ITATIAIUÇU	4	1600	
Dique de Contenção de Finos	-2.011.611.111	-4.387.372.222	MG	NOVA LIMA	14.87	2376	
Dique de Contenção Pilha de Estéril MMR	-2.119.105.556	-4.399.125	MG	PRADOS	0	0	
DIQUE DE SAÍDA DE CAVA	-2.011.202.778	-4.422.019.444	MG	BRUMADINHO	8	11250	
Dique de Sedimentos da PDE Cava Sul	-2.043.650.833	-4.387.179.167	MG	CONGONHAS	9.9	10000	
Dique dos Búfalos	-1.967.342.778	-4.697.199.889	MG	ARAXÁ	9.5	22000	
Dique Flotação	-2.014.591.667	-4.440.547.222	MG	ITATIAIUÇU	6	57000	
Dique Intermediário	-2.015.983.333	-4.444.994.444	MG	ITATIAIUÇU	12	12000	
Dique IV	-2.007.110.583	-4.402.155.389	MG	BRUMADINHO	2	100	
Dique Leste I	-2.012.138.889	-4.437.122.222	MG	MATEUS LEME	9.2	15100	
Dique Leste II	-2.012.022.222	-4.437.177.778	MG	MATEUS LEME	10.6	7100	
Dique Leste III	-2.011.608.333	-4.437.125	MG	MATEUS LEME	3.8	1350	
Dique Longitudinal	-20.273.525	-4.390.012.694	MG	ITABIRITO	4.3	88750	
Dique Mazano	-2.014.038.889	-4.442.247.222	MG	ITATIAIUÇU	10	10120	
Dique Quéias - Captação de Água	-2.012.669.444	-4.431.613.889	MG	BRUMADINHO	5	1200	
Fazendinha	-199.717.275	-4.360.806.222	MG	BARÃO DE COCAIS	8	3830.74	
Gambá	-2.043.133.333	-4.388.286.111	MG	CONGONHAS	12.64	5000	
GERAIS	-1.958.244.444	-4.441.141.667	MG	INHAÚMA	4	90	
Ingleses	-1.996.536.111	-4.358.727.778	MG	BARÃO DE COCAIS	5	3524.96	
Ipoema	-1.961.222.722	-4.325.581.028	MG	ITABIRA	7.5	47900	
Mata Porcos	-2.038.605.556	-438.575	MG	ITABIRITO	7.15	7000	
MIGUEL BURNIER - DIQUE B1	-2.045.644.444	-4.374.972.222	MG	OURO PRETO	3	10650	
MIGUEL BURNIER - DIQUE B2	-2.045.644.444	-4.374.997.222	MG	OURO PRETO	2	17950	
MIGUEL BURNIER - DIQUE B3	-2.045.822.222	-4.373.363.889	MG	OURO PRETO	3	2850	
Modulo 3	-17.965	-4.684.416.667	MG	VAZANTE	6	96000	
Patrimônio	-1.995.944.722	-4.358.722.528	MG	BARÃO DE COCAIS	8	7185.66	
PDE Engano	-2.033.805.556	-4.342.461.111	MG	MARIANA	7	12912.54	
PDE Lagoa Seca	-2.034.897.222	-4.341.308.333	MG	MARIANA	11.4	10626.16	
PDE Temporária II	-2.021.511.778	-4.344.848.639	MG	MARIANA	12	7000	
Piteiras	-1.969.236.111	-4.311.286.111	MG	ITABIRA	2	2000	
Pocilga	-2.018.508.333	-4.360.575	MG	SANTA BÁRBARA	9	38558.57	
Prata	-2.041.172.222	-4.386.527.778	MG	OURO PRETO	10.75	20000	
SANGUINETE	-1.800.905.556	-4.376.891.667	MG	DIAMANTINA	3	15000	
SANTA TERESA	-2.146.719.444	-4.288.597.222	MG	DESCOBERTO	11.33	200000	
SANTO ANTÔNIO	-1.954.545.833	-4.303.093.611	MG	ANTÔNIO DIAS	13	150000	
SUMP DE CONTENÇÃO DE SEDIMENTOS	-2.011.091.667	-4.422.408.333	MG	BRUMADINHO	12	12000	
TQ-1	-1.989.158.333	-4.328.552.778	MG	SÃO GONÇALO DO RIO ABAIXO	9	5789	
TQ-2	-1.989.211.111	-4.328.472.222	MG	SÃO GONÇALO DO RIO ABAIXO	8	6897	
"Bacia ""S"""	-1.926.097.222	-5.752.877.778	MS	CORUMBÁ	4	5233.2	
Bacia 02-03 Alto da Serra Mn	-1.919.080.944	-576.166.975	MS	CORUMBÁ	10.07	9479	
Bacia 05 Alto da Serra	-1.919.184.028	-5.761.378.139	MS	CORUMBÁ	11.69	5662	
Bacia 07 Alto da Serra	-1.919.203.639	-5.761.459.056	MS	CORUMBÁ	13.05	5862	
Bacia B-2A	-1.926.155.556	-5.752.855.556	MS	CORUMBÁ	9.6	10275	
Bacia B-2B	-1.926.155.556	-5.752.855.556	MS	CORUMBÁ	9.6	7557	
Bacia B-3	-1.926.241.667	-5.752.841.667	MS	CORUMBÁ	4.31	5397.71	
Bacia B-4	-1.926.208.333	-5.752.791.667	MS	CORUMBÁ	5	4385	
Bacia B-5A	-1.926.233.333	-5.752.777.778	MS	CORUMBÁ	5	3766	
Bacia B-5B	-192.625	-5.752.761.111	MS	CORUMBÁ	5	2319.8	
Bacia B-8	-1.926.466.667	-5.752.705.556	MS	CORUMBÁ	5	7259.8	
Bacia B-9	-1.926.527.778	-5.752.661.111	MS	CORUMBÁ	5.25	8032.89	
Baia 4	-1.920.035.083	-5.763.943.889	MS	CORUMBÁ	10	76000	
ADÃO RODUÍ	-1.623.488.333	-5.665.240.278	MT	POCONÉ	14	300000	
Alain II	-16.255	-5.661.527.778	MT	POCONÉ	3	350000	
BACIA DE REJEITO MINERGOLD	-1.569.652.778	-5.633.391.667	MT	NOSSA SENHORA DO LIVRAMENTO	5	146000	
BACIA DE REJEITOS BOM JARDIM	-1.625.061.111	-5.659.913.889	MT	POCONÉ	8	450000	
BACIA DE REJEITOS SÃO BENTO	-1.625.797.222	-5.659.436.111	MT	POCONÉ	6	124650	
BARRAGEM  BLOCO NORTE	-1.068.797.222	-5.482.791.667	MT	NOVA SANTA HELENA	5	7500	
BARRAGEM BLOCO  SUL	-1.068.677.778	-5.482.930.556	MT	NOVA SANTA HELENA	2	100	
Barragem de Rejeito 01	-1.577.475	-5.628.572.222	MT	NOSSA SENHORA DO LIVRAMENTO	7.5	54608	
Barragem Salinas 1	-1.618.325	-5.641.858.333	MT	POCONÉ	10	100000	
Barragem T04	-1.555.725.556	-5.580.345.556	MT	CUIABÁ	11	1815000	
Barragem T05	-1.629.857.222	-567.125	MT	POCONÉ	13.49	483417.27	
Barragem T06	-1.630.016.389	-5.673.295	MT	POCONÉ	6	153602.7	
BOM PASTOR	-1.609.736.111	-5.657.344.444	MT	POCONÉ	14	660000	
CAMPOS	-1.618.151.944	-5.659.919.167	MT	POCONÉ	12	1248000	
CANGAS	-1.611.085.556	-5.657.396.667	MT	POCONÉ	11.5	400000	
CF - Leste	-1.621.583.333	-5.660.430.556	MT	POCONÉ	5	192200	
CF - Oeste	-1.621.441.667	-5.660.594.444	MT	POCONÉ	5	92000	
CHICO	-1.629.485.278	-5.665.153.333	MT	POCONÉ	8	484000	
COQUEIRAL	-1.605.313.056	-5.654.992.222	MT	POCONÉ	14	400000	
FRED	-1.606.174.167	-56.560.425	MT	POCONÉ	10	150000	
GAÚCHO	-1.624.755.556	-5.659.438.889	MT	POCONÉ	10	150000	
JOAO PAULO	-1.624.876.667	-5.660.541.667	MT	POCONÉ	14.75	450000	
LU	-1.624.136.389	-5.660.486.667	MT	POCONÉ	2	590000	
MARANATA	-1.603.791.667	-5.653.763.889	MT	POCONÉ	14.5	483000	
MINERAÇÃO VALE DOURADO	-1.485.058.333	-5.657.372.222	MT	ROSÁRIO OESTE	1	2	
Moça Bonita	-1.619.051.778	-5.641.310.222	MT	POCONÉ	8	238605.87	
OREGON	-1.627.436.111	-5.663.725	MT	POCONÉ	6	810000	
OURINHOS I	-1.611.994.444	-5.658.772.222	MT	POCONÉ	14.9	1300000	
Rejeito	-1.131.339.694	-5.908.626.472	MT	JUÍNA	4	424000	
RODUÍ II	-1.623.906.111	-5.665.260.278	MT	POCONÉ	3	140000	
VALE DOURADO	-1.485.058.333	-5.657.372.222	MT	ROSÁRIO OESTE	1	2	
1 Mina	-6.399.388.889	-5.034.013.889	PA	CANAÃ DOS CARAJÁS	8.5	188680.72	
1 Usina	-6.454.916.667	-5.022.875	PA	CANAÃ DOS CARAJÁS	7	34000	
3 Kalunga	-6.120.055.556	-5.030.241.667	PA	PARAUAPEBAS	3.5	1965306	
3 Mina	-6.394.416.667	-5.031.980.556	PA	CANAÃ DOS CARAJÁS	14.61	165320	
Bacia C Usina	-6.439	-5.023.580.556	PA	CANAÃ DOS CARAJÁS	7.3	30114	
Barragem A1	-1.471.916.667	-5.638.575	PA	ORIXIMINÁ	11	422000	
Barragem Água Fria	-1.465.805.556	-5.639.066.667	PA	ORIXIMINÁ	8	103000	
BARRAGEM SÃO GERALDO	-6.110.194.444	-5.227.527.778	PA	SÃO FÉLIX DO XINGU	3	5250	
BARRAGEM SAO GERALDO 02	-6.075.777.778	-5.225.519.444	PA	SÃO FÉLIX DO XINGU	3	10500	
Barramento 10	-6.443.555.556	-5.031.811.111	PA	CANAÃ DOS CARAJÁS	2.9	10670	
Barramento 7	-6.440.555.556	-503.255	PA	CANAÃ DOS CARAJÁS	2.4	2467	
Barramento 8	-6.440.444.444	-50.32	PA	CANAÃ DOS CARAJÁS	2.4	4511	
CSO1	-6.408.027.778	-5.004.416.667	PA	CANAÃ DOS CARAJÁS	6	1	
Dique 05	-6.555.956.944	-5.117.348.278	PA	SÃO FÉLIX DO XINGU	10.85	405554.9	
Dique 06	-6.580.361.111	-5.117.416.667	PA	SÃO FÉLIX DO XINGU	10.5	78000	
Dique do Puma 01	-648.525	-5.107.752.778	PA	PARAUAPEBAS	13.6	295000	
Dique Provisorio 01	-6.561.861.111	-5.117.113.889	PA	SÃO FÉLIX DO XINGU	6.2	28500	
Dique Provisorio 02	-6.560.388.889	-5.116.672.222	PA	SÃO FÉLIX DO XINGU	4.8	21300	
E48 Bacia I	-6.419.916.667	-5.031.330.556	PA	CANAÃ DOS CARAJÁS	5.03	6333	
Igarapé	-6.59	-51.09	PA	OURILÂNDIA DO NORTE	8.1	1862231	
Lagoa de Disposição n°04 - LD4	-2.486.694.444	-5.617.813.889	PA	JURUTI	12	750000	
LAGOA FACEL 3	0.911115833	-5.243.246.278	PA	ALMEIRIM	11	600000	
LAGOA FACEL 4	0.914569722	-5.242.868.583	PA	ALMEIRIM	9	412800	
Lagoa Progeo	-6.441.861.111	-503.265	PA	CANAÃ DOS CARAJÁS	2.5	21520	
Maney Mineração	-6.788.890.556	-5.660.811.083	PA	ITAITUBA	5	400000	
PN - 1	-6.405.722.222	-5.005.711.111	PA	CANAÃ DOS CARAJÁS	5	100000	
PN - 3	-6.402.594.722	-5.007.540.889	PA	CANAÃ DOS CARAJÁS	6.5	1120	
PN - 4	-6.411.516.944	-5.003.325.278	PA	CANAÃ DOS CARAJÁS	5	7000	
PN - 6	-6.405.993.889	-5.008.420.083	PA	CANAÃ DOS CARAJÁS	5.5	50000	
PN -5	-6.421.384.722	-5.003.609.083	PA	CANAÃ DOS CARAJÁS	4	6000	
PS -1	-6.433.861.111	-5.004.836.111	PA	CANAÃ DOS CARAJÁS	7	220000	
RECON	-6.831.527.778	-51.991	PA	SÃO FÉLIX DO XINGU	3	0	
Sul Pilha	-6.478.222.222	-5.032.136.111	PA	CANAÃ DOS CARAJÁS	12	496059.42	
Usina	-6.580.472.222	-5.107.708.333	PA	OURILÂNDIA DO NORTE	8.5	494416	
QUIXABA USINA	-6.807.472.222	-37.008	PB	VÁRZEA	3	450	
803.285/2014	-9.236.055.556	-4.257.811.111	PI	SÃO LOURENÇO DO PIAUÍ	1	500	
bonito	-5.208.916.667	-4.170.766.667	PI	CASTELO DO PIAUÍ	1.5	900	
areal eskema	-2.274.388.889	-4.370.777.778	RJ	SEROPÉDICA	8	80000	
Pond de Emergência	-2.183.111.111	-4.102.055.556	RJ	SÃO JOÃO DA BARRA	4.5	333438	
BARRAGEM 339	-1.113.736.111	-6.162.086.111	RO	MINISTRO ANDREAZZA	4.5	7500	
BARRAGEM 341	-1.113.736.111	-6.162.086.111	RO	MINISTRO ANDREAZZA	4.5	7500	
BARRAGEM TABOQUINHA	-9.523.333.333	-6.290.588.889	RO	CUJUBIM	4.5	7500	
BARRAGEM TARILÂNDIA 01	-10.822	-6.283.394.444	RO	JARU	3	31250	
BARRAGEM URUPA 01	-1.113.541.667	-6.243.752.778	RO	URUPÁ	3	31250	
Belíssima	-9.792.790.833	-6.355.968.583	RO	ARIQUEMES	10	1300000	
Queimada	-9.423.861.111	-6.304.788.889	RO	ITAPUÃ DO OESTE	5	60000	
RESERVATÓRIO 01	-1.289.744.444	-6.042.258.333	RO	VILHENA	2	17848	
RESERVATÓRIO 02	-1.280.422.222	-6.036.511.111	RO	VILHENA	2	30800	
RIO BRANCO	-9.770.694.444	-6.274.063.889	RO	RIO CRESPO	4	600000	
MNP-01	-2.934.666.667	-5.119.166.667	RS	NOVA PETRÓPOLIS	5	4000	
VIAMAO	-2.916.666.667	-5.082.111.111	RS	VIAMÃO	13	111000	
Barragem 101	-2.872.916.667	-4.924.833.333	SC	IÇARA	3	9542.2	
Santa Líbera	-287.385	-4.942.588.889	SC	FORQUILHINHA	2.2	3500	
Dique Petrobrás	-1.065.344.444	-3.703.058.333	SE	ROSÁRIO DO CATETE	6	6362.07	
1. CONJUNTO DE LEIRAS DE DECANTAÇÃO	-2.319.294.444	-483.625	SP	BOFETE	3	140059	
12 - AN	-221.569.575	-4.764.279.139	SP	ANALÂNDIA	10	492348	
13 - AN	-2.215.502.083	-4.763.945.139	SP	ANALÂNDIA	8	663184	
Barramento 1	-2.339.307.222	-4.677.502.778	SP	CAIEIRAS	4	56000	
Barramento 2	-2.338.927.778	-4.677.158.333	SP	CAIEIRAS	4	5200	
Boa Sorte	-2.341.194.444	-4.621.188.889	SP	MOGI DAS CRUZES	0	365000	
CAMC	-2.340.127.778	-4.620.541.667	SP	MOGI DAS CRUZES	13	588484	
Cascalho	-2.274.794.444	-4.687.166.667	SP	PEDREIRA	0	140000	
CAVA	-2.300.825.778	-4.748.237.972	SP	CAPIVARI	0	180000	
CAVA 1	-2.378.511.111	-4.669.677.778	SP	SÃO PAULO	0	120000	
CAVA 2	-2.378.291.667	-4.669.880.556	SP	SÃO PAULO	0	92000	
CHAPADINHA 061	-2.365.908.333	-4.800.566.667	SP	ITAPETININGA	6	565500	
CHAPADINHA 221	-2.365.152.778	-4.799.236.111	SP	ITAPETININGA	10.6	740000	
Conjunto de cavas em desativação recuperação	-2.317.761.111	-4.834.330.556	SP	BOFETE	0	0	
Conterpa	-2.286.113.889	-4.723.861.111	SP	HORTOLÂNDIA	0	300000	
decantação de finos / reservatorio agua processo	-2.317.813.889	-4.834.652.778	SP	BOFETE	0	0	
Deposito de Finos Porto de Areia Serramar	-2.365.972.222	-4.552.111.111	SP	CARAGUATATUBA	0	385000	
Dique 4 (Barragem 3 - Bota fora)	-2.335.680.556	-4.627.533.333	SP	SANTA ISABEL	8	15000	
Dique 5 (Barragem 4 - Bota fora)	-2.335.605.556	-4.627.469.444	SP	SANTA ISABEL	10	12000	
Dutra	-2.343.072.222	-4.621.088.889	SP	MOGI DAS CRUZES	0	130000	
engebrita	-2.388.213.889	-4.631.433.333	SP	SANTOS	3.5	30000	
Fazenda Santa Fé	-2.350.897.222	-4.739.088.889	SP	SOROCABA	3	2700	
Fiori	-2.340.444.444	-4.619.847.222	SP	MOGI DAS CRUZES	0	325000	
Guará 2	-2.339.230.556	-4.613.636.111	SP	GUARAREMA	5	78300	
JBS2	-2.339.633.333	-4.619.763.889	SP	MOGI DAS CRUZES	11	270000	
JBS3	-2.339.222.222	-4.620.069.444	SP	MOGI DAS CRUZES	0	310000	
MD 05/2016	-219.568	-4.762.185.972	SP	DESCALVADO	12.75	245447.47	
OURO BRANCO LESTE	-2.366.177.778	-4.766.477.778	SP	SALTO DE PIRAPORA	5	399000	
PIRAPORÃO 138 II	-2.362.836.111	-47.622	SP	SALTO DE PIRAPORA	4	28000	
PIRAPORÃO 138 III	-2.363.155.556	-4.762.180.556	SP	SALTO DE PIRAPORA	8	115200	
PORTO-4A	-2.356.280.556	-4.626.791.667	SP	MOGI DAS CRUZES	8	933900	
PORTO-4B	-2.356.563.889	-4.627.336.111	SP	MOGI DAS CRUZES	7	345000	
PORTO-6B	-2.338.577.778	-4.619.422.222	SP	MOGI DAS CRUZES	12	290000	
PORTO-8	-2.355.583.333	-4.628.319.444	SP	SUZANO	14	1472940	
Quevedo 1	-2.335.480.556	-4.773.025	SP	TATUÍ	8	96500	
Quevedo 2	-2.335.591.667	-4.772.844.444	SP	TATUÍ	7	194676.65	
Sedimentação de finos	-2.312.047.222	-4.822.805.556	SP	BOFETE	10	0	
Sítio Horii	-2.362.108.333	-4.624.758.333	SP	MOGI DAS CRUZES	13.4	117462.8	
TABOÃO 01	-2.339.711.111	-4.620.505.556	SP	MOGI DAS CRUZES	12.5	350000	
TABOÃO 02	-2.339.519.444	-4.620.566.667	SP	MOGI DAS CRUZES	12	556508.4	
TABOÃO 03	-23.394	-4.620.975	SP	MOGI DAS CRUZES	2	9624	
TANQUE DE DECANTAÇÃO	-2.199.622.222	-4.716.858.333	SP	AGUAÍ	3	35000	
TANQUE DE DECANTAÇÃO 2	-2.199.616.667	-4.716.780.556	SP	AGUAÍ	3	40000	
TANQUE DE LAMA	-2.318.861.111	-4.834.972.222	SP	BOFETE	2	30000	
TD2	-2.357.956.083	-4.782.935.472	SP	ALAMBARI	2	1800	
UNIDOS	-2.361.913.889	-4.782.025	SP	SARAPUÍ	8	86240	
BARRAGEM	-1.078.916.667	-4.807.944.444	TO	MONTE DO CARMO	5.7	39000	
BARRAGEM GEOMINAS	-1.164.741.667	-4.767.673.333	TO	NATIVIDADE	5	9750	
BARRAGEM GEOMINAS-001	-1.164.932.778	-4.767.617.778	TO	NATIVIDADE	8	86000	
BARRAGEM GEOMINAS-002	-1.165.000.278	-4.767.500.278	TO	NATIVIDADE	8	70800	
SANTA LUZIA	-1.158.894.444	-4.788.317.222	TO	NATIVIDADE	5	600000	
